-- phpMyAdmin SQL Dump
-- version 5.2.0
-- https://www.phpmyadmin.net/
--
-- Host: 127.0.0.1
-- Generation Time: Jan 30, 2024 at 02:39 PM
-- Server version: 10.4.27-MariaDB
-- PHP Version: 8.2.0

SET SQL_MODE = "NO_AUTO_VALUE_ON_ZERO";
START TRANSACTION;
SET time_zone = "+00:00";


/*!40101 SET @OLD_CHARACTER_SET_CLIENT=@@CHARACTER_SET_CLIENT */;
/*!40101 SET @OLD_CHARACTER_SET_RESULTS=@@CHARACTER_SET_RESULTS */;
/*!40101 SET @OLD_COLLATION_CONNECTION=@@COLLATION_CONNECTION */;
/*!40101 SET NAMES utf8mb4 */;

--
-- Database: `attendance_sheet`
--

-- --------------------------------------------------------

--
-- Table structure for table `attendance`
--

CREATE TABLE `attendance` (
  `id` int(100) NOT NULL,
  `user_id` int(11) NOT NULL,
  `name` varchar(100) NOT NULL,
  `date` date DEFAULT current_timestamp(),
  `checkIn` varchar(100) DEFAULT current_timestamp(),
  `checkOut` varchar(100) DEFAULT current_timestamp(),
  `totalhours` varchar(100) DEFAULT current_timestamp(),
  `created_at` timestamp NOT NULL DEFAULT current_timestamp(),
  `updated_at` timestamp NOT NULL DEFAULT current_timestamp() ON UPDATE current_timestamp()
) ENGINE=InnoDB DEFAULT CHARSET=utf8mb4 COLLATE=utf8mb4_general_ci;

--
-- Dumping data for table `attendance`
--

INSERT INTO `attendance` (`id`, `user_id`, `name`, `date`, `checkIn`, `checkOut`, `totalhours`, `created_at`, `updated_at`) VALUES
(1, 4, 'Muhammad Sheraz', '2023-08-25', '13:06', '', '', '2023-08-25 08:06:41', '2023-08-25 08:06:41'),
(2, 2, 'M Shahid', '2023-08-25', '13:09', '', '', '2023-08-25 08:10:03', '2023-08-25 08:10:03'),
(3, 1, 'Rabia Naseem', '2023-08-25', '13:11', '', '', '2023-08-25 08:11:30', '2023-08-25 08:11:30'),
(4, 6, 'Sohail Ahmad', '2023-08-25', '13:33', '', '', '2023-08-25 08:33:23', '2023-08-25 08:33:23'),
(5, 5, 'Hasnain', '2023-08-25', '13:33', '', '', '2023-08-25 08:34:23', '2023-08-25 08:34:23'),
(6, 7, 'Azeem', '2023-08-25', '14:28', '', '', '2023-08-25 09:29:04', '2023-08-25 09:29:04'),
(7, 1, 'Rabia Naseem', '2023-08-28', '12:17', '', '', '2023-08-28 07:17:23', '2023-08-28 07:17:23'),
(8, 7, 'Azeem', '2023-08-28', '12:18', '22:53', '10:35', '2023-08-28 07:18:58', '2023-08-28 17:53:17'),
(9, 9, 'HR', '2023-08-28', '12:22', '', '', '2023-08-28 07:22:29', '2023-08-28 07:22:29'),
(10, 4, 'Muhammad Sheraz', '2023-08-28', '12:53', '20:33', '7:40', '2023-08-28 07:53:43', '2023-08-28 15:33:44'),
(11, 8, 'Muhammad Asad', '2023-08-28', '13:01', '', '', '2023-08-28 08:02:02', '2023-08-28 08:02:02'),
(12, 5, 'Hasnain', '2023-08-28', '13:02', '', '', '2023-08-28 08:03:04', '2023-08-28 08:03:04'),
(13, 2, 'M Shahid', '2023-08-28', '13:08', '', '', '2023-08-28 08:08:18', '2023-08-28 08:08:18'),
(14, 6, 'Sohail Ahmad', '2023-08-28', '13:37', '', '', '2023-08-28 08:37:28', '2023-08-28 08:37:28'),
(15, 5, 'Hasnain', '2023-08-29', '12:46', '', '', '2023-08-29 07:46:40', '2023-08-29 07:46:40'),
(16, 4, 'Muhammad Sheraz', '2023-08-29', '12:49', '', '', '2023-08-29 07:49:15', '2023-08-29 07:49:15'),
(17, 1, 'Rabia Naseem', '2023-08-29', '13:04', '20:36', '7:32', '2023-08-29 08:04:05', '2023-08-29 15:36:07'),
(18, 6, 'Sohail Ahmad', '2023-08-29', '13:06', '', '', '2023-08-29 08:06:05', '2023-08-29 08:06:05'),
(19, 7, 'Azeem', '2023-08-29', '13:41', '22:38', '8:57', '2023-08-29 08:41:42', '2023-08-29 17:38:01'),
(20, 5, 'Hasnain', '2023-08-30', '12:20', '21:01', '8:41', '2023-08-30 07:20:39', '2023-08-30 16:01:28'),
(21, 6, 'Sohail Ahmad', '2023-08-30', '12:46', '', '', '2023-08-30 07:46:34', '2023-08-30 07:46:34'),
(22, 1, 'Rabia Naseem', '2023-08-30', '12:48', '20:44', '7:56', '2023-08-30 07:48:32', '2023-08-30 15:44:34'),
(23, 4, 'Muhammad Sheraz', '2023-08-30', '12:55', '20:57', '8:2', '2023-08-30 07:55:09', '2023-08-30 15:57:55'),
(24, 2, 'M Shahid', '2023-08-30', '13:05', '', '', '2023-08-30 08:05:35', '2023-08-30 08:05:35'),
(25, 7, 'Azeem', '2023-08-30', '14:11', '23:01', '8:50', '2023-08-30 09:11:45', '2023-08-30 18:01:27'),
(26, 1, 'Rabia Naseem', '2023-08-31', '12:41', '19:41', '7:0', '2023-08-31 07:41:19', '2023-08-31 14:41:58'),
(27, 5, 'Hasnain', '2023-08-31', '12:44', '', '', '2023-08-31 07:44:10', '2023-08-31 07:44:10'),
(28, 4, 'Muhammad Sheraz', '2023-08-31', '12:45', '', '', '2023-08-31 07:45:30', '2023-08-31 07:45:30'),
(29, 2, 'M Shahid', '2023-08-31', '12:59', '21:03', '8:4', '2023-08-31 07:59:21', '2023-08-31 16:03:50'),
(30, 9, 'HR', '2023-08-31', '13:31', '', '', '2023-08-31 08:31:11', '2023-08-31 08:31:11'),
(31, 6, 'Sohail Ahmad', '2023-08-31', '13:32', '21:04', '7:32', '2023-08-31 08:32:12', '2023-08-31 16:04:24'),
(32, 10, 'Aarish Mughal', '2023-08-31', '13:34', '21:03', '7:29', '2023-08-31 08:34:59', '2023-08-31 16:03:36'),
(33, 11, 'Tayyab ghafoor', '2023-08-31', '13:42', '', '', '2023-08-31 08:42:36', '2023-08-31 08:42:36'),
(34, 7, 'Azeem', '2023-08-31', '13:50', '', '', '2023-08-31 08:50:48', '2023-08-31 08:50:48'),
(35, 3, 'Rashid Bashir', '2023-08-31', '14:45', '21:07', '6:22', '2023-08-31 09:45:19', '2023-08-31 16:07:55'),
(36, 3, 'Rashid Bashir', '2023-09-01', '12:12', '22:53', '10:41', '2023-09-01 07:12:20', '2023-09-01 17:53:28'),
(37, 5, 'Hasnain', '2023-09-01', '12:32', '', '', '2023-09-01 07:32:46', '2023-09-01 07:32:46'),
(38, 4, 'Muhammad Sheraz', '2023-09-01', '12:34', '', '', '2023-09-01 07:34:42', '2023-09-01 07:34:42'),
(39, 11, 'Tayyab ghafoor', '2023-09-01', '13:04', '21:30', '8:26', '2023-09-01 08:04:32', '2023-09-01 16:30:27'),
(40, 2, 'Muhammad Shahid', '2023-09-01', '13:12', '21:30', '8:18', '2023-09-01 08:12:42', '2023-09-01 16:30:33'),
(41, 6, 'Sohail Ahmad', '2023-09-01', '13:13', '21:30', '8:17', '2023-09-01 08:13:51', '2023-09-01 16:30:57'),
(42, 10, 'Aarish Mughal', '2023-09-01', '14:53', '20:57', '6:4', '2023-09-01 09:53:38', '2023-09-01 15:57:47'),
(43, 4, 'Muhammad Sheraz', '2023-09-04', '12:15', '21:47', '9:32', '2023-09-04 07:15:23', '2023-09-04 16:47:06'),
(44, 5, 'Hasnain', '2023-09-04', '12:15', '21:46', '9:31', '2023-09-04 07:15:43', '2023-09-04 16:46:17'),
(45, 7, 'Azeem', '2023-09-04', '12:16', '23:20', '11:4', '2023-09-04 07:16:20', '2023-09-11 08:16:10'),
(46, 8, 'Muhammad Asad', '2023-09-04', '12:37', '', '', '2023-09-04 07:37:11', '2023-09-04 07:37:11'),
(47, 11, 'Tayyab ghafoor', '2023-09-04', '12:51', '21:00', '8:10', '2023-09-04 07:51:20', '2023-09-05 08:09:12'),
(48, 6, 'Sohail Ahmad', '2023-09-04', '12:54', '23:04', '10:50', '2023-09-04 07:54:32', '2023-09-05 08:21:42'),
(49, 2, 'Muhammad Shahid', '2023-09-04', '12:58', '21:14', '8:16', '2023-09-04 07:58:47', '2023-09-12 14:31:59'),
(50, 1, 'Rabia Naseem', '2023-09-04', '13:02', '20:25', '7:23', '2023-09-04 08:03:02', '2023-09-04 15:25:38'),
(51, 9, 'HR', '2023-09-04', '13:03', '', '', '2023-09-04 08:03:27', '2023-09-04 08:03:27'),
(52, 10, 'Aarish Mughal', '2023-09-04', '13:49', '', '', '2023-09-04 08:49:17', '2023-09-04 08:49:17'),
(53, 3, 'Rashid Bashir', '2023-09-04', '14:44', '21:02', '6:18', '2023-09-04 09:44:55', '2023-09-04 16:02:16'),
(54, 12, 'Ayesha Mumtaz', '2023-09-05', '12:17', '20:13', '7:56', '2023-09-05 07:17:57', '2023-09-05 15:13:30'),
(55, 7, 'Azeem', '2023-09-05', '12:43', '23:08', '10:25', '2023-09-05 07:43:59', '2023-09-05 18:08:00'),
(56, 1, 'Rabia Naseem', '2023-09-05', '12:44', '20:32', '7:48', '2023-09-05 07:44:34', '2023-09-05 15:32:33'),
(57, 9, 'HR', '2023-09-05', '12:44', '', '', '2023-09-05 07:44:59', '2023-09-05 07:44:59'),
(58, 5, 'Hasnain', '2023-09-05', '12:52', '', '', '2023-09-05 07:52:42', '2023-09-05 07:52:42'),
(59, 6, 'Sohail Ahmad', '2023-09-05', '12:52', '', '', '2023-09-05 07:52:59', '2023-09-05 07:52:59'),
(60, 2, 'Muhammad Shahid', '2023-09-05', '12:56', '21:44', '8:48', '2023-09-05 07:56:43', '2023-09-05 16:44:18'),
(61, 4, 'Muhammad Sheraz', '2023-09-05', '13:00', '21:13', '8:13', '2023-09-05 08:00:40', '2023-09-05 16:13:23'),
(62, 10, 'Aarish Mughal', '2023-09-05', '13:28', '21:09', '7:41', '2023-09-05 08:28:29', '2023-09-05 16:09:45'),
(63, 11, 'Tayyab ghafoor', '2023-09-05', '14:01', '21:49', '7:48', '2023-09-05 09:01:47', '2023-09-05 16:49:40'),
(64, 3, 'Rashid Bashir', '2023-09-05', '14:27', '21:12', '6:45', '2023-09-05 09:27:51', '2023-09-05 16:12:35'),
(65, 5, 'Hasnain', '2023-09-06', '12:02', '21:23', '9:21', '2023-09-06 07:02:04', '2023-09-06 16:23:27'),
(66, 4, 'Muhammad Sheraz', '2023-09-06', '12:02', '21:19', '9:17', '2023-09-06 07:02:41', '2023-09-06 16:19:43'),
(67, 1, 'Rabia Naseem', '2023-09-06', '12:36', '20:42', '8:6', '2023-09-06 07:36:57', '2023-09-06 15:42:40'),
(68, 12, 'Ayesha Mumtaz', '2023-09-06', '12:43', '20:05', '7:22', '2023-09-06 07:43:23', '2023-09-06 15:05:26'),
(69, 2, 'Muhammad Shahid', '2023-09-06', '13:03', '21:16', '8:13', '2023-09-06 08:03:03', '2023-09-06 16:16:28'),
(70, 6, 'Sohail Ahmad', '2023-09-06', '13:03', '21:15', '8:12', '2023-09-06 08:03:21', '2023-09-06 16:15:57'),
(71, 11, 'Tayyab ghafoor', '2023-09-06', '13:25', '', '', '2023-09-06 08:25:21', '2023-09-06 08:25:21'),
(72, 10, 'Aarish Mughal', '2023-09-06', '13:27', '21:08', '7:41', '2023-09-06 08:27:58', '2023-09-06 16:08:05'),
(73, 7, 'Azeem', '2023-09-06', '13:50', '', '', '2023-09-06 08:50:52', '2023-09-06 08:50:52'),
(74, 3, 'Rashid Bashir', '2023-09-06', '14:16', '21:06', '6:50', '2023-09-06 09:16:18', '2023-09-06 16:06:53'),
(75, 12, 'Ayesha Mumtaz', '2023-09-07', '12:44', '20:17', '7:33', '2023-09-07 07:44:13', '2023-09-07 15:17:44'),
(76, 4, 'Muhammad Sheraz', '2023-09-07', '12:53', '', '', '2023-09-07 07:54:03', '2023-09-07 07:54:03'),
(77, 6, 'Sohail Ahmad', '2023-09-07', '12:56', '', '', '2023-09-07 07:56:36', '2023-09-07 07:56:36'),
(78, 1, 'Rabia Naseem', '2023-09-07', '12:57', '20:44', '7:47', '2023-09-07 07:57:45', '2023-09-07 15:44:44'),
(79, 10, 'Aarish Mughal', '2023-09-07', '13:10', '21:03', '7:53', '2023-09-07 08:11:07', '2023-09-07 16:03:12'),
(80, 7, 'Azeem', '2023-09-07', '13:49', '23:18', '9:29', '2023-09-07 08:49:17', '2023-09-07 18:18:00'),
(81, 11, 'Tayyab ghafoor', '2023-09-07', '14:02', '21:33', '7:31', '2023-09-07 09:02:17', '2023-09-07 16:33:35'),
(82, 3, 'Rashid Bashir', '2023-09-07', '14:32', '21:10', '6:38', '2023-09-07 09:32:15', '2023-09-07 16:10:22'),
(83, 1, 'Rabia Naseem', '2023-09-08', '12:41', '21:30', '8:49', '2023-09-08 07:39:06', '2023-09-08 18:58:16'),
(84, 5, 'Hasnain', '2023-09-08', '12:43', '', ':', '2023-09-08 07:45:32', '2023-09-08 18:58:32'),
(85, 4, 'Muhammad Sheraz', '2023-09-08', '12:56', '', '', '2023-09-08 07:56:40', '2023-09-08 07:56:40'),
(86, 2, 'Muhammad Shahid', '2023-09-08', '12:52', '21:45', '8:53', '2023-09-08 08:07:50', '2023-09-08 19:08:32'),
(87, 6, 'Sohail Ahmad', '2023-09-08', '13:08', '21:30', '8:22', '2023-09-08 08:08:52', '2023-09-08 13:34:38'),
(88, 12, 'Ayesha Mumtaz', '2023-09-08', '12:45', '20:35', '7:50', '2023-09-08 08:52:01', '2023-09-08 15:35:28'),
(89, 11, 'Tayyab ghafoor', '2023-09-08', '13:15', '21:36', '8:21', '2023-09-08 08:56:19', '2023-09-08 16:36:29'),
(90, 7, 'Azeem', '2023-09-08', '14:28', '', '', '2023-09-08 09:28:25', '2023-09-08 09:28:25'),
(91, 3, 'Rashid Bashir', '2023-09-08', '14:47', '21:06', '6:19', '2023-09-08 09:47:39', '2023-09-08 16:06:25'),
(92, 10, 'Aarish Mughal', '2023-09-08', '14:57', '21:00', '6:3', '2023-09-08 09:57:49', '2023-09-15 12:09:31'),
(93, 5, 'Hasnain', '2023-09-11', '12:49', '', '', '2023-09-11 07:49:40', '2023-09-11 07:49:40'),
(94, 4, 'Muhammad Sheraz', '2023-09-11', '13:01', '', '', '2023-09-11 08:01:39', '2023-09-11 08:01:39'),
(95, 2, 'Muhammad Shahid', '2023-09-11', '12:39', '21:25', '8:46', '2023-09-11 08:14:39', '2023-09-12 08:09:54'),
(96, 1, 'Rabia Naseem', '2023-09-11', '13:20', '17:30', '4:10', '2023-09-11 08:19:32', '2023-09-11 12:33:39'),
(97, 10, 'Aarish Mughal', '2023-09-11', '13:37', '20:57', '7:20', '2023-09-11 08:37:58', '2023-09-11 15:57:42'),
(98, 7, 'Azeem', '2023-09-11', '13:44', '22:26', '8:42', '2023-09-11 08:44:52', '2023-09-11 17:26:13'),
(99, 11, 'Tayyab ghafoor', '2023-09-11', '14:06', '', '', '2023-09-11 09:06:09', '2023-09-11 09:06:09'),
(100, 3, 'Rashid Bashir', '2023-09-11', '14:44', '21:07', '6:23', '2023-09-11 09:44:50', '2023-09-11 16:07:18'),
(101, 12, 'Ayesha Mumtaz', '2023-09-12', '12:44', '17:36', '4:52', '2023-09-12 07:44:33', '2023-09-12 14:29:28'),
(102, 1, 'Rabia Naseem', '2023-09-12', '12:50', '20:45', '7:55', '2023-09-12 07:58:21', '2023-09-12 15:45:32'),
(103, 2, 'Muhammad Shahid', '2023-09-12', '13:05', '20:57', '7:52', '2023-09-12 08:06:40', '2023-09-12 15:57:34'),
(104, 5, 'Hasnain', '2023-09-12', '13:18', '', '', '2023-09-12 08:18:12', '2023-09-12 08:18:12'),
(105, 4, 'Muhammad Sheraz', '2023-09-12', '13:18', '', '', '2023-09-12 08:18:25', '2023-09-12 08:18:25'),
(106, 11, 'Tayyab ghafoor', '2023-09-12', '14:15', '20:49', '6:34', '2023-09-12 09:38:28', '2023-09-12 15:49:51'),
(107, 3, 'Rashid Bashir', '2023-09-12', '14:40', '21:11', '6:31', '2023-09-12 09:40:12', '2023-09-12 16:11:52'),
(108, 7, 'Azeem', '2023-09-12', '14:40', '', '', '2023-09-12 09:40:17', '2023-09-12 09:40:17'),
(109, 1, 'Rabia Naseem', '2023-09-13', '12:40', '20:37', '7:57', '2023-09-13 07:39:00', '2023-09-13 15:37:07'),
(110, 11, 'Tayyab ghafoor', '2023-09-13', '12:39', '21:43', '9:4', '2023-09-13 07:40:02', '2023-09-13 16:43:35'),
(111, 12, 'Ayesha Mumtaz', '2023-09-13', '12:52', '20:38', '7:46', '2023-09-13 07:52:58', '2023-09-13 15:38:19'),
(112, 5, 'Hasnain', '2023-09-13', '12:59', '', '', '2023-09-13 07:59:44', '2023-09-13 07:59:44'),
(113, 2, 'Muhammad Shahid', '2023-09-13', '13:08', '', '', '2023-09-13 08:08:09', '2023-09-13 08:08:09'),
(114, 4, 'Muhammad Sheraz', '2023-09-13', '13:16', '', '', '2023-09-13 08:16:36', '2023-09-13 08:16:36'),
(115, 7, 'Azeem', '2023-09-13', '13:28', '', '', '2023-09-13 08:29:03', '2023-09-13 08:29:03'),
(116, 3, 'Rashid Bashir', '2023-09-13', '14:27', '', '', '2023-09-13 09:27:55', '2023-09-13 09:27:55'),
(117, 12, 'Ayesha Mumtaz', '2023-09-14', '12:53', '20:30', '7:37', '2023-09-14 07:53:50', '2023-09-14 15:30:28'),
(118, 11, 'Tayyab ghafoor', '2023-09-14', '12:59', '21:47', '8:48', '2023-09-14 07:59:43', '2023-09-14 16:47:32'),
(119, 2, 'Muhammad Shahid', '2023-09-14', '13:08', '22:23', '9:15', '2023-09-14 08:08:36', '2023-09-14 17:23:23'),
(120, 1, 'Rabia Naseem', '2023-09-14', '12:50', '20:35', '7:45', '2023-09-14 08:18:34', '2023-09-14 15:35:25'),
(121, 4, 'Muhammad Sheraz', '2023-09-14', '13:46', '20:58', '7:12', '2023-09-14 08:46:59', '2023-09-14 15:58:41'),
(122, 6, 'Sohail Ahmad', '2023-09-14', '13:51', '', '', '2023-09-14 08:51:59', '2023-09-14 08:51:59'),
(123, 5, 'Hasnain', '2023-09-15', '12:11', '21:11', '9:0', '2023-09-15 07:11:08', '2023-09-15 16:11:54'),
(124, 4, 'Muhammad Sheraz', '2023-09-15', '12:22', '21:10', '8:48', '2023-09-15 07:22:58', '2023-09-15 16:10:47'),
(125, 1, 'Rabia Naseem', '2023-09-15', '12:20', '20:44', '8:24', '2023-09-15 07:35:03', '2023-09-15 15:44:51'),
(126, 12, 'Ayesha Mumtaz', '2023-09-15', '12:51', '20:23', '7:32', '2023-09-15 07:51:23', '2023-09-15 15:23:06'),
(127, 2, 'Muhammad Shahid', '2023-09-15', '13:04', '22:05', '9:1', '2023-09-15 08:04:05', '2023-09-26 07:53:52'),
(128, 6, 'Sohail Ahmad', '2023-09-15', '13:04', '', '', '2023-09-15 08:05:37', '2023-09-15 08:05:37'),
(129, 7, 'Azeem', '2023-09-15', '13:20', '21:40', '8:20', '2023-09-15 08:20:54', '2023-09-15 16:40:15'),
(130, 11, 'Tayyab ghafoor', '2023-09-15', '13:33', '21:49', '8:16', '2023-09-15 08:33:10', '2023-09-15 16:49:25'),
(131, 1, 'Rabia Naseem', '2023-09-18', '12:50', '20:46', '7:56', '2023-09-18 08:13:05', '2023-09-18 15:46:41'),
(132, 12, 'Ayesha Mumtaz', '2023-09-18', '12:40', '20:31', '7:51', '2023-09-18 08:17:34', '2023-09-18 15:31:10'),
(133, 2, 'Muhammad Shahid', '2023-09-18', '13:20', '21:01', '7:41', '2023-09-18 08:20:18', '2023-09-18 16:01:22'),
(134, 5, 'Hasnain', '2023-09-18', '13:20', '21:09', '7:49', '2023-09-18 08:20:33', '2023-09-18 16:09:37'),
(135, 6, 'Sohail Ahmad', '2023-09-18', '13:21', '21:13', '7:52', '2023-09-18 08:21:23', '2023-09-18 16:13:37'),
(136, 4, 'Muhammad Sheraz', '2023-09-18', '13:33', '21:10', '7:37', '2023-09-18 08:33:14', '2023-09-18 16:10:55'),
(137, 11, 'Tayyab ghafoor', '2023-09-18', '13:36', '21:12', '7:36', '2023-09-18 08:36:15', '2023-09-18 16:12:54'),
(138, 7, 'Azeem', '2023-09-18', '13:50', '20:44', '6:54', '2023-09-18 08:50:03', '2023-09-18 15:44:44'),
(139, 3, 'Rashid Bashir', '2023-09-18', '14:55', '21:11', '6:16', '2023-09-18 09:55:53', '2023-09-18 16:11:29'),
(140, 5, 'Hasnain', '2023-09-19', '12:27', '21:07', '8:40', '2023-09-19 07:27:43', '2023-09-19 16:07:02'),
(141, 12, 'Ayesha Mumtaz', '2023-09-19', '12:59', '20:25', '7:26', '2023-09-19 07:59:11', '2023-09-19 15:25:56'),
(142, 1, 'Rabia Naseem', '2023-09-19', '13:06', '20:07', '7:1', '2023-09-19 08:06:50', '2023-09-19 15:07:58'),
(143, 11, 'Tayyab ghafoor', '2023-09-19', '13:12', '22:02', '8:50', '2023-09-19 08:12:05', '2023-09-19 17:02:58'),
(144, 6, 'Sohail Ahmad', '2023-09-19', '13:13', '', '', '2023-09-19 08:13:31', '2023-09-19 08:13:31'),
(145, 4, 'Muhammad Sheraz', '2023-09-19', '13:22', '21:03', '7:41', '2023-09-19 08:22:56', '2023-09-19 16:03:51'),
(146, 2, 'Muhammad Shahid', '2023-09-19', '13:23', '22:47', '9:24', '2023-09-19 08:23:10', '2023-09-19 17:47:13'),
(147, 3, 'Rashid Bashir', '2023-09-19', '14:48', '23:03', '8:15', '2023-09-19 09:48:15', '2023-09-19 18:03:18'),
(148, 1, 'Rabia Naseem', '2023-09-20', '12:20', '', '', '2023-09-20 08:19:35', '2023-09-20 08:20:09'),
(149, 7, 'Azeem', '2023-09-20', '13:44', '22:28', '8:44', '2023-09-20 08:44:46', '2023-09-20 17:28:32'),
(150, 3, 'Rashid Bashir', '2023-09-20', '14:54', '23:49', '8:55', '2023-09-20 09:55:08', '2023-09-20 18:49:52'),
(151, 2, 'Muhammad Shahid', '2023-09-20', '13:15', '', '', '2023-09-20 13:28:05', '2023-09-20 13:37:37'),
(152, 4, 'Muhammad Sheraz', '2023-09-20', '13:30', '21:11', '7:41', '2023-09-20 13:30:54', '2023-09-20 16:11:24'),
(153, 12, 'Ayesha Mumtaz', '2023-09-20', '12:50', '20:35', '7:45', '2023-09-20 13:30:58', '2023-09-20 15:35:17'),
(154, 5, 'Hasnain', '2023-09-20', '13:30', '21:15', '7:45', '2023-09-20 13:32:01', '2023-09-20 16:15:25'),
(155, 11, 'Tayyab ghafoor', '2023-09-20', '14:00', '22:01', '8:1', '2023-09-20 13:32:14', '2023-09-20 17:01:18'),
(156, 6, 'Sohail Ahmad', '2023-09-20', '13:00', '21:12', '8:12', '2023-09-20 13:46:16', '2023-09-20 16:12:18'),
(157, 1, 'Rabia Naseem', '2023-09-21', '12:25', '20:34', '8:9', '2023-09-21 07:45:59', '2023-09-21 15:34:14'),
(158, 6, 'Sohail Ahmad', '2023-09-21', '12:58', '', '', '2023-09-21 07:58:33', '2023-09-21 07:58:33'),
(159, 5, 'Hasnain', '2023-09-21', '12:59', '21:22', '8:23', '2023-09-21 07:59:24', '2023-09-21 16:22:26'),
(160, 4, 'Muhammad Sheraz', '2023-09-21', '13:03', '', '', '2023-09-21 08:03:37', '2023-09-21 08:03:37'),
(161, 12, 'Ayesha Mumtaz', '2023-09-21', '13:21', '20:33', '7:12', '2023-09-21 08:22:01', '2023-09-21 15:33:13'),
(162, 2, 'Muhammad Shahid', '2023-09-21', '13:25', '21:08', '7:43', '2023-09-21 08:25:19', '2023-09-21 16:08:01'),
(163, 7, 'Azeem', '2023-09-21', '13:52', '21:17', '7:25', '2023-09-21 08:52:40', '2023-09-21 16:17:14'),
(164, 11, 'Tayyab ghafoor', '2023-09-21', '13:53', '20:58', '7:5', '2023-09-21 08:53:12', '2023-09-21 15:58:21'),
(165, 3, 'Rashid Bashir', '2023-09-21', '14:57', '23:33', '8:36', '2023-09-21 09:57:39', '2023-09-21 18:33:03'),
(166, 5, 'Hasnain', '2023-09-22', '12:55', '21:12', '8:17', '2023-09-22 07:55:28', '2023-09-22 16:12:48'),
(167, 12, 'Ayesha Mumtaz', '2023-09-22', '13:03', '20:32', '7:29', '2023-09-22 08:03:38', '2023-09-22 15:32:39'),
(168, 1, 'Rabia Naseem', '2023-09-22', '12:50', '20:19', '7:29', '2023-09-22 08:04:50', '2023-09-22 15:19:51'),
(169, 2, 'Muhammad Shahid', '2023-09-22', '13:29', '21:15', '7:46', '2023-09-22 08:29:25', '2023-09-22 16:15:45'),
(170, 11, 'Tayyab ghafoor', '2023-09-22', '13:50', '21:18', '7:28', '2023-09-22 08:51:10', '2023-09-22 16:18:29'),
(171, 7, 'Azeem', '2023-09-22', '14:24', '', '', '2023-09-22 09:24:23', '2023-09-22 09:24:23'),
(172, 3, 'Rashid Bashir', '2023-09-22', '14:44', '23:35', '8:51', '2023-09-22 09:44:44', '2023-09-22 18:35:38'),
(173, 1, 'Rabia Naseem', '2023-09-25', '12:02', '20:26', '8:24', '2023-09-25 07:18:36', '2023-09-25 15:26:04'),
(174, 2, 'Muhammad Shahid', '2023-09-25', '12:43', '21:10', '8:27', '2023-09-25 07:43:56', '2023-09-25 16:10:20'),
(175, 5, 'Hasnain', '2023-09-25', '13:14', '21:25', '8:11', '2023-09-25 08:14:12', '2023-09-25 16:25:41'),
(176, 4, 'Muhammad Sheraz', '2023-09-25', '13:19', '21:40', '8:21', '2023-09-25 08:22:41', '2023-09-25 16:40:18'),
(177, 11, 'Tayyab ghafoor', '2023-09-25', '13:31', '21:46', '8:15', '2023-09-25 08:31:44', '2023-09-25 16:46:02'),
(178, 6, 'Sohail Ahmad', '2023-09-25', '13:29', '', '', '2023-09-25 08:32:08', '2023-09-25 08:32:08'),
(179, 12, 'Ayesha Mumtaz', '2023-09-25', '13:41', '20:10', '6:29', '2023-09-25 08:41:55', '2023-09-25 15:10:08'),
(180, 7, 'Azeem', '2023-09-25', '14:23', '22:16', '7:53', '2023-09-25 09:23:45', '2023-09-25 17:16:57'),
(181, 1, 'Rabia Naseem', '2023-09-26', '12:30', '20:31', '8:1', '2023-09-26 07:45:40', '2023-09-26 15:31:57'),
(182, 12, 'Ayesha Mumtaz', '2023-09-26', '12:50', '', '', '2023-09-26 07:50:58', '2023-09-26 07:50:58'),
(183, 2, 'Muhammad Shahid', '2023-09-26', '12:52', '21:50', '8:58', '2023-09-26 07:52:03', '2023-09-26 16:50:14'),
(184, 5, 'Hasnain', '2023-09-26', '13:04', '21:21', '8:17', '2023-09-26 08:04:38', '2023-09-26 16:21:22'),
(185, 4, 'Muhammad Sheraz', '2023-09-26', '13:30', '', '', '2023-09-26 08:31:24', '2023-09-26 08:31:24'),
(186, 11, 'Tayyab ghafoor', '2023-09-26', '13:41', '22:09', '8:28', '2023-09-26 08:41:20', '2023-09-26 17:09:47'),
(187, 7, 'Azeem', '2023-09-26', '14:10', '22:11', '8:1', '2023-09-26 09:10:03', '2023-09-26 17:11:42'),
(188, 5, 'Hasnain', '2023-09-27', '12:36', '22:22', '9:46', '2023-09-27 07:36:53', '2023-09-27 17:22:03'),
(189, 14, 'Kulsoom Usama', '2023-09-27', '12:38', '20:28', '7:50', '2023-09-27 07:39:05', '2023-09-27 15:28:39'),
(190, 1, 'Rabia Naseem', '2023-09-27', '12:46', '20:25', '7:39', '2023-09-27 07:46:44', '2023-09-27 15:25:48'),
(191, 4, 'Muhammad Sheraz', '2023-09-27', '12:54', '', '', '2023-09-27 07:55:48', '2023-09-27 07:55:48'),
(192, 11, 'Tayyab ghafoor', '2023-09-27', '13:16', '21:54', '8:38', '2023-09-27 08:16:15', '2023-09-27 16:54:22'),
(193, 2, 'Muhammad Shahid', '2023-09-27', '13:16', '22:27', '9:11', '2023-09-27 08:17:03', '2023-09-27 19:20:37'),
(195, 6, 'Sohail Ahmad', '2023-09-27', '13:20', '', '', '2023-09-27 08:20:55', '2023-09-27 08:20:55'),
(196, 7, 'Azeem', '2023-09-27', '14:35', '22:19', '7:44', '2023-09-27 09:35:14', '2023-09-27 17:19:58'),
(197, 3, 'Rashid Bashir', '2023-09-27', '14:39', '', '', '2023-09-27 09:39:15', '2023-09-27 09:39:15'),
(198, 14, 'Kulsoom Usama', '2023-09-28', '12:45', '20:30', '7:45', '2023-09-28 07:45:05', '2023-09-28 15:30:34'),
(199, 4, 'Muhammad Sheraz', '2023-09-28', '12:52', '', '', '2023-09-28 07:53:02', '2023-09-28 07:53:02'),
(200, 5, 'Hasnain', '2023-09-28', '13:05', '', '', '2023-09-28 08:05:56', '2023-09-28 08:05:56'),
(201, 11, 'Tayyab ghafoor', '2023-09-28', '13:06', '20:51', '7:45', '2023-09-28 08:07:01', '2023-09-28 15:51:59'),
(202, 2, 'Muhammad Shahid', '2023-09-28', '13:12', '17:13', '4:1', '2023-09-28 08:12:29', '2023-09-28 12:13:15'),
(203, 1, 'Rabia Naseem', '2023-09-28', '13:25', '20:31', '7:6', '2023-09-28 08:25:59', '2023-09-28 15:31:04'),
(204, 7, 'Azeem', '2023-09-28', '14:05', '20:56', '6:51', '2023-09-28 09:05:23', '2023-09-28 15:56:13'),
(205, 3, 'Rashid Bashir', '2023-09-29', '14:23', '', '', '2023-09-29 09:23:34', '2023-09-29 09:23:34'),
(206, 14, 'Kulsoom Usama', '2023-10-02', '12:31', '', '', '2023-10-02 07:31:45', '2023-10-02 07:31:45'),
(207, 1, 'Rabia Naseem', '2023-10-02', '12:32', '', '', '2023-10-02 07:32:35', '2023-10-02 07:32:35'),
(208, 11, 'Tayyab ghafoor', '2023-10-02', '13:02', '', '', '2023-10-02 08:02:27', '2023-10-02 08:02:27'),
(209, 5, 'Hasnain', '2023-10-02', '13:14', '', '', '2023-10-02 08:14:38', '2023-10-02 08:14:38'),
(210, 7, 'Azeem', '2023-10-02', '13:44', '', '', '2023-10-02 08:44:54', '2023-10-02 08:44:54'),
(211, 2, 'Muhammad Shahid', '2023-10-02', '14:25', '', '', '2023-10-02 09:25:08', '2023-10-02 09:25:08'),
(212, 3, 'Rashid Bashir', '2023-10-02', '14:32', '', '', '2023-10-02 09:32:33', '2023-10-02 09:32:33'),
(213, 2, 'Muhammad Shahid', '2023-10-03', '13:19', '21:42', '8:23', '2023-10-03 08:19:10', '2023-12-07 08:07:45'),
(214, 1, 'Rabia Naseem', '2023-10-03', '14:05', '', '', '2023-10-03 09:05:11', '2023-10-03 09:05:11'),
(215, 11, 'Tayyab ghafoor', '2023-10-03', '14:08', '21:22', '7:14', '2023-10-03 09:08:55', '2023-10-03 16:22:03'),
(216, 7, 'Azeem', '2023-10-03', '14:08', '22:38', '8:30', '2023-10-03 09:09:02', '2023-10-03 17:38:45'),
(217, 3, 'Rashid Bashir', '2023-10-03', '14:36', '22:45', '8:9', '2023-10-03 09:36:56', '2023-10-03 17:45:08'),
(218, 11, 'Tayyab ghafoor', '2023-10-04', '12:32', '', '', '2023-10-04 07:32:26', '2023-10-04 07:32:26'),
(219, 14, 'Kulsoom Usama', '2023-10-04', '12:38', '20:33', '7:55', '2023-10-04 07:38:41', '2023-10-04 15:33:41'),
(220, 2, 'Muhammad Shahid', '2023-10-04', '13:25', '', '', '2023-10-04 08:25:18', '2023-10-04 08:25:18'),
(221, 1, 'Rabia Naseem', '2023-10-04', '13:40', '20:31', '6:51', '2023-10-04 08:40:08', '2023-10-04 15:31:28'),
(222, 7, 'Azeem', '2023-10-04', '14:06', '22:22', '8:16', '2023-10-04 09:06:49', '2023-10-04 17:22:35'),
(223, 3, 'Rashid Bashir', '2023-10-04', '14:36', '', '', '2023-10-04 09:36:54', '2023-10-04 09:36:54'),
(224, 11, 'Tayyab ghafoor', '2023-10-05', '12:30', '21:27', '8:57', '2023-10-05 07:30:50', '2023-10-05 16:27:26'),
(225, 14, 'Kulsoom Usama', '2023-10-05', '12:32', '20:35', '8:3', '2023-10-05 07:32:46', '2023-10-05 15:35:27'),
(226, 1, 'Rabia Naseem', '2023-10-05', '12:42', '', '', '2023-10-05 07:43:02', '2023-10-05 07:43:02'),
(227, 2, 'Muhammad Shahid', '2023-10-05', '12:58', '21:04', '8:6', '2023-10-05 07:59:04', '2023-12-07 08:08:15'),
(228, 4, 'Muhammad Sheraz', '2023-10-05', '14:11', '', '', '2023-10-05 09:11:47', '2023-10-05 09:11:47'),
(229, 7, 'Azeem', '2023-10-05', '14:36', '22:21', '7:45', '2023-10-05 09:37:04', '2023-10-05 17:21:33'),
(230, 3, 'Rashid Bashir', '2023-10-05', '14:52', '23:51', '8:59', '2023-10-05 09:52:26', '2023-10-05 18:51:13'),
(231, 14, 'Kulsoom Usama', '2023-10-06', '12:33', '20:40', '8:7', '2023-10-06 07:33:45', '2023-10-06 15:40:16'),
(232, 2, 'Muhammad Shahid', '2023-10-06', '12:53', '', '', '2023-10-06 07:53:10', '2023-10-06 07:53:10'),
(233, 7, 'Azeem', '2023-10-06', '14:35', '22:29', '7:54', '2023-10-06 09:35:13', '2023-10-06 17:29:30'),
(234, 2, 'Muhammad Shahid', '2023-10-09', '12:25', '21:14', '8:49', '2023-10-09 07:25:36', '2023-12-07 08:10:11'),
(235, 14, 'Kulsoom Usama', '2023-10-09', '12:32', '20:33', '8:1', '2023-10-09 07:32:42', '2023-10-09 15:33:43'),
(236, 1, 'Rabia Naseem', '2023-10-09', '12:55', '20:32', '7:37', '2023-10-09 07:55:59', '2023-10-09 15:32:00'),
(237, 11, 'Tayyab ghafoor', '2023-10-09', '13:07', '21:05', '7:58', '2023-10-09 08:07:28', '2023-10-09 16:05:42'),
(238, 6, 'Sohail Ahmad', '2023-10-09', '13:17', '', '', '2023-10-09 08:17:25', '2023-10-09 08:17:25'),
(239, 3, 'Rashid Bashir', '2023-10-09', '14:07', '', '', '2023-10-09 09:07:40', '2023-10-09 09:07:40'),
(240, 14, 'Kulsoom Usama', '2023-10-10', '12:34', '20:35', '8:1', '2023-10-10 07:34:28', '2023-10-10 15:35:49'),
(241, 1, 'Rabia Naseem', '2023-10-10', '12:37', '20:31', '7:54', '2023-10-10 07:37:41', '2023-10-10 15:31:52'),
(242, 11, 'Tayyab ghafoor', '2023-10-10', '12:42', '21:52', '9:10', '2023-10-10 07:42:21', '2023-10-10 16:52:41'),
(243, 2, 'Muhammad Shahid', '2023-10-10', '13:00', '21:18', '8:18', '2023-10-10 08:01:22', '2023-10-10 16:18:22'),
(244, 6, 'Sohail Ahmad', '2023-10-10', '13:12', '21:22', '8:10', '2023-10-10 08:12:38', '2023-10-10 16:22:30'),
(245, 7, 'Azeem', '2023-10-10', '13:36', '22:24', '8:48', '2023-10-10 08:36:42', '2023-10-10 17:24:54'),
(246, 3, 'Rashid Bashir', '2023-10-10', '13:48', '22:26', '8:38', '2023-10-10 08:48:28', '2023-10-10 17:26:14'),
(247, 14, 'Kulsoom Usama', '2023-10-11', '12:28', '16:55', '4:27', '2023-10-11 07:28:08', '2023-10-11 11:55:47'),
(248, 11, 'Tayyab ghafoor', '2023-10-11', '12:44', '20:52', '8:8', '2023-10-11 07:44:40', '2023-10-11 15:52:02'),
(249, 2, 'Muhammad Shahid', '2023-10-11', '12:56', '', '', '2023-10-11 07:57:02', '2023-10-11 07:57:02'),
(250, 6, 'Sohail Ahmad', '2023-10-11', '12:57', '', '', '2023-10-11 07:57:25', '2023-10-11 07:57:25'),
(251, 1, 'Rabia Naseem', '2023-10-12', '12:25', '', '', '2023-10-12 07:25:22', '2023-10-12 07:25:22'),
(252, 11, 'Tayyab ghafoor', '2023-10-12', '12:45', '', '', '2023-10-12 07:45:57', '2023-10-12 07:45:57'),
(253, 7, 'Azeem', '2023-10-12', '13:15', '23:04', '9:49', '2023-10-12 08:16:11', '2023-10-12 18:04:10'),
(254, 14, 'Kulsoom Usama', '2023-10-13', '12:39', '20:34', '7:55', '2023-10-13 07:39:22', '2023-10-13 15:34:44'),
(255, 11, 'Tayyab ghafoor', '2023-10-13', '12:54', '21:25', '8:31', '2023-10-13 07:54:35', '2023-10-13 16:25:53'),
(256, 1, 'Rabia Naseem', '2023-10-13', '13:03', '20:34', '7:31', '2023-10-13 08:03:55', '2023-10-13 15:34:16'),
(257, 14, 'Kulsoom Usama', '2023-10-16', '12:32', '20:34', '8:2', '2023-10-16 07:32:49', '2023-10-16 15:34:05'),
(258, 7, 'Azeem', '2023-10-16', '13:22', '', '', '2023-10-16 08:22:42', '2023-10-16 08:22:42'),
(259, 14, 'Kulsoom Usama', '2023-10-17', '12:32', '20:34', '8:2', '2023-10-17 07:32:57', '2023-10-17 15:34:02'),
(260, 11, 'Tayyab ghafoor', '2023-10-17', '12:54', '', '', '2023-10-17 07:54:19', '2023-10-17 07:54:19'),
(261, 7, 'Azeem', '2023-10-17', '13:46', '23:35', '9:49', '2023-10-17 08:46:29', '2023-10-17 18:35:15'),
(262, 14, 'Kulsoom Usama', '2023-10-18', '12:22', '20:33', '8:11', '2023-10-18 07:23:00', '2023-10-18 15:33:44'),
(263, 1, 'Rabia Naseem', '2023-10-18', '12:37', '16:09', '3:32', '2023-10-18 07:37:20', '2023-10-18 11:09:07'),
(264, 2, 'Muhammad Shahid', '2023-10-18', '13:14', '21:12', '7:58', '2023-10-18 08:14:19', '2023-10-18 16:12:32'),
(265, 7, 'Azeem', '2023-10-18', '14:20', '23:01', '8:41', '2023-10-18 09:20:43', '2023-10-18 18:01:28'),
(266, 14, 'Kulsoom Usama', '2023-10-19', '12:26', '20:35', '8:9', '2023-10-19 07:26:31', '2023-10-19 15:35:25'),
(267, 11, 'Tayyab ghafoor', '2023-10-19', '12:43', '', '', '2023-10-19 07:43:15', '2023-10-19 07:43:15'),
(268, 7, 'Azeem', '2023-10-19', '12:45', '21:33', '8:48', '2023-10-19 07:45:28', '2023-10-19 16:33:58'),
(269, 2, 'Muhammad Shahid', '2023-10-19', '13:33', '21:14', '7:41', '2023-10-19 08:33:12', '2023-10-19 16:14:31'),
(270, 14, 'Kulsoom Usama', '2023-10-20', '12:21', '20:26', '8:5', '2023-10-20 07:21:44', '2023-10-20 15:26:49'),
(271, 1, 'Rabia Naseem', '2023-10-20', '13:14', '20:24', '7:10', '2023-10-20 08:14:37', '2023-10-20 15:24:42'),
(272, 2, 'Muhammad Shahid', '2023-10-20', '13:43', '20:55', '7:12', '2023-10-20 08:43:13', '2023-10-20 15:55:22'),
(273, 7, 'Azeem', '2023-10-20', '14:21', '', '', '2023-10-20 09:21:54', '2023-10-20 09:21:54'),
(274, 7, 'Azeem', '2023-10-23', '14:07', '22:26', '8:19', '2023-10-23 09:07:22', '2023-10-23 17:26:26'),
(275, 2, 'Muhammad Shahid', '2023-10-23', '14:09', '', '', '2023-10-23 09:09:15', '2023-10-23 09:09:15'),
(276, 1, 'Rabia Naseem', '2023-10-23', '12:25', '20:25', '8:0', '2023-10-23 09:46:58', '2023-10-23 15:25:20'),
(277, 14, 'Kulsoom Usama', '2023-10-24', '12:32', '20:22', '7:50', '2023-10-24 07:32:27', '2023-10-24 15:22:14'),
(278, 2, 'Muhammad Shahid', '2023-10-24', '13:27', '20:54', '7:27', '2023-10-24 08:27:35', '2023-10-24 15:54:59'),
(279, 7, 'Azeem', '2023-10-24', '13:29', '20:54', '7:25', '2023-10-24 08:30:03', '2023-10-24 15:54:04'),
(280, 1, 'Rabia Naseem', '2023-10-24', '13:43', '20:19', '6:36', '2023-10-24 08:43:52', '2023-10-24 15:19:50'),
(281, 11, 'Tayyab ghafoor', '2023-10-25', '12:38', '', '', '2023-10-25 07:38:27', '2023-10-25 07:38:27'),
(282, 14, 'Kulsoom Usama', '2023-10-25', '12:40', '20:33', '7:53', '2023-10-25 07:40:19', '2023-10-25 15:33:56'),
(283, 2, 'Muhammad Shahid', '2023-10-25', '12:51', '', '', '2023-10-25 07:51:07', '2023-10-25 07:51:07'),
(284, 7, 'Azeem', '2023-10-25', '13:59', '21:00', '7:1', '2023-10-25 08:59:08', '2023-10-25 16:00:56'),
(285, 14, 'Kulsoom Usama', '2023-10-26', '12:34', '20:11', '7:37', '2023-10-26 07:34:11', '2023-10-26 15:11:42'),
(286, 11, 'Tayyab ghafoor', '2023-10-26', '12:41', '21:01', '8:20', '2023-10-26 07:41:08', '2023-10-26 16:01:55'),
(287, 2, 'Muhammad Shahid', '2023-10-26', '13:01', '21:08', '8:7', '2023-10-26 08:01:52', '2023-10-26 16:08:11'),
(288, 1, 'Rabia Naseem', '2023-10-26', '13:40', '20:03', '6:23', '2023-10-26 08:40:32', '2023-10-26 15:03:50'),
(289, 7, 'Azeem', '2023-10-26', '14:30', '21:52', '7:22', '2023-10-26 09:30:13', '2023-10-26 16:52:12'),
(290, 14, 'Kulsoom Usama', '2023-10-27', '12:30', '20:03', '7:33', '2023-10-27 07:30:15', '2023-10-27 15:03:30'),
(291, 1, 'Rabia Naseem', '2023-10-27', '13:04', '20:01', '6:57', '2023-10-27 08:04:42', '2023-10-27 15:01:31'),
(292, 7, 'Azeem', '2023-10-27', '13:04', '22:09', '9:5', '2023-10-27 08:04:57', '2023-10-27 17:09:48'),
(293, 11, 'Tayyab ghafoor', '2023-10-27', '13:53', '', '', '2023-10-27 08:53:39', '2023-10-27 08:53:39'),
(294, 2, 'Muhammad Shahid', '2023-10-27', '14:16', '', '', '2023-10-27 09:16:06', '2023-10-27 09:16:06'),
(295, 5, 'Hasnain', '2023-10-27', '14:45', '', '', '2023-10-27 09:46:06', '2023-10-27 09:46:06'),
(296, 6, 'Sohail Ahmad', '2023-10-27', '14:48', '', '', '2023-10-27 09:48:13', '2023-10-27 09:48:13'),
(297, 14, 'Kulsoom Usama', '2023-10-30', '12:30', '20:18', '7:48', '2023-10-30 07:30:50', '2023-10-30 15:18:55'),
(298, 2, 'Muhammad Shahid', '2023-10-30', '12:48', '21:17', '8:29', '2023-10-30 07:48:05', '2023-10-30 16:17:24'),
(299, 1, 'Rabia Naseem', '2023-10-30', '12:59', '', '', '2023-10-30 07:59:23', '2023-10-30 07:59:23'),
(300, 7, 'Azeem', '2023-10-30', '14:55', '21:56', '7:1', '2023-10-30 09:55:16', '2023-10-30 16:56:59'),
(301, 14, 'Kulsoom Usama', '2023-10-31', '12:34', '20:04', '7:30', '2023-10-31 07:34:23', '2023-10-31 15:04:21'),
(302, 6, 'Sohail Ahmad', '2023-10-31', '12:50', '', '', '2023-10-31 07:51:04', '2023-10-31 07:51:04'),
(303, 3, 'Rashid Bashir', '2023-10-31', '13:05', '', '', '2023-10-31 08:05:59', '2023-10-31 08:05:59'),
(304, 15, 'Muhmmad Umair', '2023-10-31', '13:06', '', '', '2023-10-31 08:06:34', '2023-10-31 08:06:34'),
(305, 2, 'Muhammad Shahid', '2023-10-31', '13:11', '21:24', '8:13', '2023-10-31 08:11:47', '2023-10-31 16:24:41'),
(306, 5, 'Hasnain', '2023-10-31', '13:26', '', '', '2023-10-31 08:26:48', '2023-10-31 08:26:48'),
(307, 1, 'Rabia Naseem', '2023-10-31', '14:00', '20:03', '6:3', '2023-10-31 09:00:36', '2023-10-31 15:03:04'),
(308, 11, 'Tayyab ghafoor', '2023-10-31', '14:02', '21:17', '7:15', '2023-10-31 09:02:36', '2023-10-31 16:17:31'),
(309, 7, 'Azeem', '2023-10-31', '14:45', '23:07', '8:22', '2023-10-31 09:45:10', '2023-10-31 18:07:52'),
(310, 14, 'Kulsoom Usama', '2023-11-01', '12:32', '20:20', '7:48', '2023-11-01 07:32:15', '2023-11-01 15:20:33'),
(311, 3, 'Rashid Bashir', '2023-11-01', '12:48', '', '', '2023-11-01 07:48:48', '2023-11-01 07:48:48'),
(312, 15, 'Muhmmad Umair', '2023-11-01', '12:54', '', '', '2023-11-01 07:54:09', '2023-11-01 07:54:09'),
(313, 2, 'Muhammad Shahid', '2023-11-01', '12:55', '21:49', '8:54', '2023-11-01 07:55:53', '2023-11-11 12:54:41'),
(314, 6, 'Sohail Ahmad', '2023-11-01', '12:58', '', '', '2023-11-01 07:58:35', '2023-11-01 07:58:35'),
(315, 1, 'Rabia Naseem', '2023-11-01', '13:06', '20:14', '7:8', '2023-11-01 08:06:23', '2023-11-01 15:14:45'),
(316, 5, 'Hasnain', '2023-11-01', '13:08', '', '', '2023-11-01 08:08:43', '2023-11-01 08:08:43'),
(317, 7, 'Azeem', '2023-11-01', '13:36', '23:04', '9:28', '2023-11-01 08:37:04', '2023-11-01 18:04:22'),
(318, 11, 'Tayyab ghafoor', '2023-11-01', '14:01', '21:36', '7:35', '2023-11-01 09:01:48', '2023-11-01 16:36:10'),
(319, 14, 'Kulsoom Usama', '2023-11-02', '12:34', '20:07', '7:33', '2023-11-02 07:34:53', '2023-11-02 15:07:12'),
(320, 6, 'Sohail Ahmad', '2023-11-02', '13:00', '', '', '2023-11-02 08:00:11', '2023-11-02 08:00:11'),
(321, 3, 'Rashid Bashir', '2023-11-02', '13:04', '21:43', '8:39', '2023-11-02 08:04:05', '2023-11-02 16:43:48'),
(322, 15, 'Muhmmad Umair', '2023-11-02', '13:04', '', '', '2023-11-02 08:04:27', '2023-11-02 08:04:27'),
(323, 2, 'Muhammad Shahid', '2023-11-02', '13:19', '21:56', '8:37', '2023-11-02 08:19:03', '2023-11-11 12:55:15'),
(324, 11, 'Tayyab ghafoor', '2023-11-02', '14:06', '21:23', '7:17', '2023-11-02 09:06:26', '2023-11-02 16:23:57'),
(325, 7, 'Azeem', '2023-11-02', '14:12', '22:07', '7:55', '2023-11-02 09:12:40', '2023-11-02 17:07:03'),
(326, 1, 'Rabia Naseem', '2023-11-02', '12:29', '20:00', '7:31', '2023-11-02 09:29:19', '2023-11-02 15:01:08'),
(327, 5, 'Hasnain', '2023-11-02', '14:31', '', '', '2023-11-02 09:31:10', '2023-11-02 09:31:10'),
(328, 14, 'Kulsoom Usama', '2023-11-03', '12:33', '20:04', '7:31', '2023-11-03 07:33:15', '2023-11-03 15:04:31'),
(329, 1, 'Rabia Naseem', '2023-11-03', '13:24', '20:04', '6:40', '2023-11-03 08:24:36', '2023-11-03 15:04:09'),
(330, 7, 'Azeem', '2023-11-03', '13:41', '22:24', '8:43', '2023-11-03 08:41:15', '2023-11-03 17:24:33'),
(331, 11, 'Tayyab ghafoor', '2023-11-03', '13:49', '21:27', '7:38', '2023-11-03 08:49:11', '2023-11-03 16:27:30'),
(332, 2, 'Muhammad Shahid', '2023-11-03', '13:53', '22:31', '8:38', '2023-11-03 08:53:12', '2023-11-03 17:31:58'),
(333, 7, 'Azeem', '2023-11-06', '12:16', '22:52', '10:36', '2023-11-06 07:16:55', '2023-11-06 17:52:23'),
(334, 1, 'Rabia Naseem', '2023-11-06', '12:22', '20:11', '7:49', '2023-11-06 07:23:02', '2023-11-06 15:11:17'),
(335, 14, 'Kulsoom Usama', '2023-11-06', '12:50', '20:11', '7:21', '2023-11-06 07:50:38', '2023-11-06 15:11:28'),
(336, 15, 'Muhmmad Umair', '2023-11-06', '13:37', '', '', '2023-11-06 08:37:39', '2023-11-06 08:37:39'),
(337, 3, 'Rashid Bashir', '2023-11-06', '13:37', '', '', '2023-11-06 08:37:42', '2023-11-06 08:37:42'),
(338, 11, 'Tayyab ghafoor', '2023-11-06', '14:03', '21:34', '7:31', '2023-11-06 09:03:08', '2023-11-06 16:34:49'),
(339, 2, 'Muhammad Shahid', '2023-11-06', '13:25', '22:41', '9:16', '2023-11-06 10:32:20', '2023-12-20 08:04:27'),
(340, 7, 'Azeem', '2023-11-07', '12:28', '21:57', '9:29', '2023-11-07 07:28:26', '2023-11-07 16:57:33'),
(341, 14, 'Kulsoom Usama', '2023-11-07', '12:35', '20:00', '7:25', '2023-11-07 07:35:11', '2023-11-07 15:00:35'),
(342, 1, 'Rabia Naseem', '2023-11-07', '12:35', '19:58', '7:23', '2023-11-07 07:36:02', '2023-11-07 14:58:31'),
(343, 3, 'Rashid Bashir', '2023-11-07', '12:37', '', '', '2023-11-07 07:37:56', '2023-11-07 07:37:56'),
(344, 15, 'Muhmmad Umair', '2023-11-07', '12:38', '', '', '2023-11-07 07:38:26', '2023-11-07 07:38:26'),
(345, 2, 'Muhammad Shahid', '2023-11-07', '13:23', '21:58', '8:35', '2023-11-07 08:23:47', '2023-11-08 08:12:58'),
(346, 11, 'Tayyab ghafoor', '2023-11-07', '14:03', '21:13', '7:10', '2023-11-07 09:03:26', '2023-11-07 16:13:06'),
(347, 5, 'Hasnain', '2023-11-07', '14:05', '', '', '2023-11-07 09:05:15', '2023-11-07 09:05:15'),
(348, 14, 'Kulsoom Usama', '2023-11-08', '12:09', '20:14', '8:5', '2023-11-08 07:09:52', '2023-11-08 15:14:29'),
(349, 7, 'Azeem', '2023-11-08', '12:34', '22:06', '9:32', '2023-11-08 07:34:48', '2023-11-08 17:06:37'),
(350, 5, 'Hasnain', '2023-11-08', '12:42', '', '', '2023-11-08 07:42:03', '2023-11-08 07:42:03'),
(351, 1, 'Rabia Naseem', '2023-11-08', '12:57', '20:02', '7:5', '2023-11-08 07:57:10', '2023-11-08 15:02:09'),
(352, 11, 'Tayyab ghafoor', '2023-11-08', '13:09', '21:06', '7:57', '2023-11-08 08:10:00', '2023-11-08 16:06:39'),
(353, 2, 'Muhammad Shahid', '2023-11-08', '13:12', '22:41', '9:29', '2023-11-08 08:12:14', '2023-11-11 12:54:10'),
(354, 14, 'Kulsoom Usama', '2023-11-09', '12:07', '20:05', '7:58', '2023-11-09 07:07:05', '2023-11-09 15:05:08'),
(355, 5, 'Hasnain', '2023-11-09', '12:20', '', '', '2023-11-09 07:20:12', '2023-11-09 07:20:12'),
(356, 2, 'Muhammad Shahid', '2023-11-09', '13:02', '22:49', '9:47', '2023-11-09 08:02:12', '2023-11-11 12:53:32'),
(357, 1, 'Rabia Naseem', '2023-11-09', '13:09', '', '', '2023-11-09 08:09:29', '2023-11-09 08:09:29'),
(358, 11, 'Tayyab ghafoor', '2023-11-09', '13:22', '21:00', '7:38', '2023-11-09 08:22:14', '2023-11-09 16:00:19'),
(359, 14, 'Kulsoom Usama', '2023-11-10', '12:26', '', '', '2023-11-10 07:26:36', '2023-11-10 07:26:36'),
(360, 2, 'Muhammad Shahid', '2023-11-10', '13:34', '22:27', '8:53', '2023-11-10 08:34:57', '2023-11-11 12:53:05'),
(361, 7, 'Azeem', '2023-11-10', '14:21', '22:18', '7:57', '2023-11-10 09:21:42', '2023-11-10 17:18:07'),
(362, 7, 'Azeem', '2023-11-13', '12:30', '21:44', '9:14', '2023-11-13 07:30:51', '2023-11-13 16:44:56'),
(363, 14, 'Kulsoom Usama', '2023-11-13', '12:36', '20:01', '7:25', '2023-11-13 07:36:11', '2023-11-13 15:01:49'),
(364, 1, 'Rabia Naseem', '2023-11-13', '12:51', '20:02', '7:11', '2023-11-13 07:51:45', '2023-11-13 15:02:39'),
(365, 15, 'Muhmmad Umair', '2023-11-13', '12:53', '', '', '2023-11-13 07:54:00', '2023-11-13 07:54:00'),
(366, 2, 'Muhammad Shahid', '2023-11-13', '13:47', '22:38', '8:51', '2023-11-13 08:47:06', '2023-11-15 07:57:52'),
(367, 14, 'Kulsoom Usama', '2023-11-14', '12:06', '20:03', '7:57', '2023-11-14 07:06:50', '2023-11-14 15:03:09'),
(368, 1, 'Rabia Naseem', '2023-11-14', '12:47', '20:02', '7:15', '2023-11-14 07:47:31', '2023-11-14 15:02:10'),
(369, 7, 'Azeem', '2023-11-14', '12:51', '21:36', '8:45', '2023-11-14 07:51:13', '2023-11-14 16:36:32'),
(370, 15, 'Muhmmad Umair', '2023-11-14', '12:51', '', '', '2023-11-14 07:51:17', '2023-11-14 07:51:17'),
(371, 3, 'Rashid Bashir', '2023-11-14', '12:56', '', '', '2023-11-14 07:56:21', '2023-11-14 07:56:21'),
(372, 2, 'Muhammad Shahid', '2023-11-14', '13:02', '22:57', '9:55', '2023-11-14 08:02:54', '2023-11-14 17:57:18'),
(373, 5, 'Hasnain', '2023-11-14', '13:05', '', '', '2023-11-14 08:06:02', '2023-11-14 08:06:02'),
(374, 6, 'Sohail Ahmad', '2023-11-14', '13:06', '', '', '2023-11-14 08:06:10', '2023-11-14 08:06:10'),
(375, 11, 'Tayyab ghafoor', '2023-11-14', '14:07', '21:05', '6:58', '2023-11-14 09:07:11', '2023-11-14 16:05:58'),
(376, 16, 'Iqra Tariq', '2023-11-14', '14:08', '17:01', '2:53', '2023-11-14 09:08:40', '2023-11-14 12:01:18'),
(377, 14, 'Kulsoom Usama', '2023-11-15', '12:16', '19:59', '7:43', '2023-11-15 07:16:07', '2023-11-15 14:59:43'),
(378, 15, 'Muhmmad Umair', '2023-11-15', '12:42', '', '', '2023-11-15 07:42:56', '2023-11-15 07:42:56'),
(379, 3, 'Rashid Bashir', '2023-11-15', '12:43', '', '', '2023-11-15 07:43:40', '2023-11-15 07:43:40'),
(380, 7, 'Azeem', '2023-11-15', '12:43', '21:45', '9:2', '2023-11-15 07:43:44', '2023-11-15 16:45:48'),
(381, 5, 'Hasnain', '2023-11-15', '12:43', '', '', '2023-11-15 07:43:48', '2023-11-15 07:43:48'),
(382, 2, 'Muhammad Shahid', '2023-11-15', '12:56', '22:25', '9:29', '2023-11-15 07:56:43', '2023-11-16 08:26:47'),
(383, 16, 'Iqra Tariq', '2023-11-15', '13:07', '', '', '2023-11-15 08:07:19', '2023-11-15 08:07:19'),
(384, 1, 'Rabia Naseem', '2023-11-15', '13:35', '19:57', '6:22', '2023-11-15 08:35:46', '2023-11-15 14:57:11'),
(385, 6, 'Sohail Ahmad', '2023-11-15', '13:39', '', '', '2023-11-15 08:39:47', '2023-11-15 08:39:47'),
(386, 11, 'Tayyab ghafoor', '2023-11-15', '14:04', '21:30', '7:26', '2023-11-15 09:04:27', '2023-11-15 16:30:32'),
(387, 14, 'Kulsoom Usama', '2023-11-16', '12:26', '19:57', '7:31', '2023-11-16 07:26:26', '2023-11-16 14:57:44'),
(388, 2, 'Muhammad Shahid', '2023-11-16', '13:26', '22:29', '9:3', '2023-11-16 08:26:13', '2023-11-17 08:11:04'),
(389, 16, 'Iqra Tariq', '2023-11-16', '13:28', '19:55', '6:27', '2023-11-16 08:29:03', '2023-11-16 14:55:17'),
(390, 7, 'Azeem', '2023-11-16', '13:29', '22:13', '8:44', '2023-11-16 08:29:35', '2023-11-16 17:13:31'),
(391, 3, 'Rashid Bashir', '2023-11-16', '13:38', '', '', '2023-11-16 08:38:09', '2023-11-16 08:38:09'),
(392, 15, 'Muhmmad Umair', '2023-11-16', '13:40', '', '', '2023-11-16 08:40:39', '2023-11-16 08:40:39'),
(393, 11, 'Tayyab ghafoor', '2023-11-16', '14:04', '21:28', '7:24', '2023-11-16 09:04:18', '2023-11-16 16:28:16'),
(394, 7, 'Azeem', '2023-11-17', '12:14', '23:34', '11:20', '2023-11-17 07:14:29', '2023-11-17 18:34:28'),
(395, 16, 'Iqra Tariq', '2023-11-17', '13:02', '', '', '2023-11-17 08:02:25', '2023-11-17 08:02:25'),
(396, 2, 'Muhammad Shahid', '2023-11-17', '13:10', '22:16', '9:6', '2023-11-17 08:10:22', '2023-11-20 08:17:51'),
(397, 14, 'Kulsoom Usama', '2023-11-17', '13:24', '20:01', '6:37', '2023-11-17 08:24:53', '2023-11-17 15:01:37'),
(398, 2, 'Muhammad Shahid', '2023-11-20', '13:16', '22:28', '9:12', '2023-11-20 08:16:55', '2023-11-21 08:05:34'),
(399, 7, 'Azeem', '2023-11-20', '13:20', '22:28', '9:8', '2023-11-20 08:21:02', '2023-11-20 17:28:33'),
(400, 11, 'Tayyab ghafoor', '2023-11-20', '14:18', '', '', '2023-11-20 09:18:15', '2023-11-20 09:18:15'),
(401, 2, 'Muhammad Shahid', '2023-11-21', '13:04', '22:52', '9:48', '2023-11-21 08:04:38', '2023-11-22 08:09:24'),
(402, 7, 'Azeem', '2023-11-21', '13:06', '21:51', '8:45', '2023-11-21 08:06:47', '2023-11-21 16:51:35'),
(403, 11, 'Tayyab ghafoor', '2023-11-21', '14:07', '21:23', '7:16', '2023-11-21 09:07:47', '2023-11-21 16:23:47'),
(404, 14, 'Kulsoom Usama', '2023-11-22', '12:56', '20:02', '7:6', '2023-11-22 07:56:48', '2023-11-22 15:02:23'),
(405, 2, 'Muhammad Shahid', '2023-11-22', '13:08', '22:53', '9:45', '2023-11-22 08:08:48', '2023-11-23 07:54:11'),
(406, 7, 'Azeem', '2023-11-22', '13:17', '21:53', '8:36', '2023-11-22 08:17:57', '2023-11-22 16:53:47'),
(407, 11, 'Tayyab ghafoor', '2023-11-22', '14:03', '21:20', '7:17', '2023-11-22 09:03:59', '2023-11-22 16:20:41'),
(408, 14, 'Kulsoom Usama', '2023-11-23', '12:27', '20:03', '7:36', '2023-11-23 07:27:32', '2023-11-23 15:03:26'),
(409, 2, 'Muhammad Shahid', '2023-11-23', '12:53', '22:44', '9:51', '2023-11-23 07:53:34', '2023-11-24 08:40:54'),
(410, 11, 'Tayyab ghafoor', '2023-11-23', '13:02', '21:05', '8:3', '2023-11-23 08:02:09', '2023-11-23 16:05:23'),
(411, 7, 'Azeem', '2023-11-23', '13:15', '22:39', '9:24', '2023-11-23 08:15:45', '2023-11-23 17:39:27'),
(412, 1, 'Rabia Naseem', '2023-11-23', '13:29', '20:00', '6:31', '2023-11-23 08:29:52', '2023-11-23 15:00:35'),
(413, 14, 'Kulsoom Usama', '2023-11-24', '12:30', '19:47', '7:17', '2023-11-24 07:30:09', '2023-11-24 14:47:11'),
(414, 7, 'Azeem', '2023-11-24', '12:32', '21:00', '8:28', '2023-11-24 07:32:33', '2023-11-24 16:00:14'),
(415, 1, 'Rabia Naseem', '2023-11-24', '12:33', '', '', '2023-11-24 07:33:48', '2023-11-24 07:33:48'),
(416, 5, 'Hasnain', '2023-11-24', '12:45', '', '', '2023-11-24 07:45:45', '2023-11-24 07:45:45'),
(417, 2, 'Muhammad Shahid', '2023-11-24', '13:40', '22:49', '9:9', '2023-11-24 08:40:14', '2023-11-27 08:02:52'),
(418, 16, 'Iqra Tariq', '2023-11-24', '14:34', '', '', '2023-11-24 09:34:05', '2023-11-24 09:34:05'),
(419, 14, 'Kulsoom Usama', '2023-11-27', '12:18', '20:15', '7:57', '2023-11-27 07:18:27', '2023-11-27 15:15:04'),
(420, 7, 'Azeem', '2023-11-27', '12:36', '23:07', '10:31', '2023-11-27 07:36:15', '2023-11-27 18:07:02'),
(421, 1, 'Rabia Naseem', '2023-11-27', '12:50', '19:56', '7:6', '2023-11-27 07:50:26', '2023-11-27 14:56:58'),
(422, 2, 'Muhammad Shahid', '2023-11-27', '13:01', '22:32', '9:31', '2023-11-27 08:01:54', '2023-11-28 08:10:40'),
(423, 16, 'Iqra Tariq', '2023-11-27', '13:16', '19:57', '6:41', '2023-11-27 08:16:44', '2023-11-27 14:57:29'),
(424, 1, 'Rabia Naseem', '2023-11-28', '12:05', '20:00', '7:55', '2023-11-28 07:05:07', '2023-11-28 15:00:41'),
(425, 14, 'Kulsoom Usama', '2023-11-28', '12:34', '20:00', '7:26', '2023-11-28 07:34:05', '2023-11-28 15:00:45'),
(426, 7, 'Azeem', '2023-11-28', '12:53', '22:58', '10:5', '2023-11-28 07:53:24', '2023-11-28 17:58:14'),
(427, 3, 'Rashid Bashir', '2023-11-28', '12:58', '', '', '2023-11-28 07:59:03', '2023-11-28 07:59:03'),
(428, 5, 'Hasnain', '2023-11-28', '12:59', '', '', '2023-11-28 07:59:26', '2023-11-28 07:59:26'),
(429, 16, 'Iqra Tariq', '2023-11-28', '13:05', '18:52', '5:47', '2023-11-28 08:05:45', '2023-11-28 13:52:35'),
(430, 2, 'Muhammad Shahid', '2023-11-28', '13:09', '22:10', '9:1', '2023-11-28 08:10:02', '2023-11-29 07:46:13'),
(431, 14, 'Kulsoom Usama', '2023-11-29', '12:20', '19:55', '7:35', '2023-11-29 07:20:11', '2023-11-29 14:55:36'),
(432, 1, 'Rabia Naseem', '2023-11-29', '12:43', '19:53', '7:10', '2023-11-29 07:43:33', '2023-11-29 14:53:57'),
(433, 2, 'Muhammad Shahid', '2023-11-29', '12:45', '22:22', '9:37', '2023-11-29 07:45:36', '2023-11-30 07:48:11'),
(434, 16, 'Iqra Tariq', '2023-11-29', '12:50', '20:19', '7:29', '2023-11-29 07:50:47', '2023-11-29 15:19:24'),
(435, 7, 'Azeem', '2023-11-29', '13:01', '22:08', '9:7', '2023-11-29 08:01:07', '2023-11-29 17:08:32'),
(436, 3, 'Rashid Bashir', '2023-11-29', '13:05', '', '', '2023-11-29 08:05:29', '2023-11-29 08:05:29'),
(437, 14, 'Kulsoom Usama', '2023-11-30', '12:37', '20:11', '7:34', '2023-11-30 07:37:05', '2023-11-30 15:11:03'),
(438, 1, 'Rabia Naseem', '2023-11-30', '12:40', '20:10', '7:30', '2023-11-30 07:40:11', '2023-11-30 15:10:40'),
(439, 2, 'Muhammad Shahid', '2023-11-30', '12:47', '22:23', '9:36', '2023-11-30 07:47:15', '2023-12-01 08:12:46'),
(440, 16, 'Iqra Tariq', '2023-11-30', '12:59', '', '', '2023-11-30 07:59:35', '2023-11-30 07:59:35'),
(441, 7, 'Azeem', '2023-11-30', '13:33', '22:14', '8:41', '2023-11-30 08:33:25', '2023-11-30 17:14:27'),
(442, 14, 'Kulsoom Usama', '2023-12-01', '12:30', '20:01', '7:31', '2023-12-01 07:30:03', '2023-12-01 15:01:44'),
(443, 16, 'Iqra Tariq', '2023-12-01', '13:05', '20:47', '7:42', '2023-12-01 08:05:57', '2023-12-01 15:47:52'),
(444, 1, 'Rabia Naseem', '2023-12-01', '13:10', '20:00', '6:50', '2023-12-01 08:10:43', '2023-12-01 15:00:47'),
(445, 2, 'Muhammad Shahid', '2023-12-01', '13:11', '22:52', '9:41', '2023-12-01 08:11:25', '2023-12-04 08:20:02'),
(446, 7, 'Azeem', '2023-12-01', '13:19', '21:34', '8:15', '2023-12-01 08:19:03', '2023-12-01 16:34:06'),
(447, 7, 'Azeem', '2023-12-04', '12:52', '21:44', '8:52', '2023-12-04 07:52:26', '2023-12-04 16:44:30'),
(448, 1, 'Rabia Naseem', '2023-12-04', '12:58', '19:59', '7:1', '2023-12-04 07:58:35', '2023-12-04 14:59:00'),
(449, 3, 'Rashid Bashir', '2023-12-04', '13:00', '', '', '2023-12-04 08:01:02', '2023-12-04 08:01:02'),
(450, 15, 'Muhmmad Umair', '2023-12-04', '13:01', '', '', '2023-12-04 08:01:19', '2023-12-04 08:01:19'),
(451, 2, 'Muhammad Shahid', '2023-12-04', '13:19', '22:10', '8:51', '2023-12-04 08:19:20', '2023-12-05 08:05:19'),
(452, 16, 'Iqra Tariq', '2023-12-04', '13:30', '20:26', '6:56', '2023-12-04 08:30:54', '2023-12-04 15:26:14'),
(453, 11, 'Tayyab ghafoor', '2023-12-04', '14:17', '21:09', '6:52', '2023-12-04 09:17:57', '2023-12-04 16:09:11'),
(454, 1, 'Rabia Naseem', '2023-12-05', '12:25', '19:55', '7:30', '2023-12-05 07:25:16', '2023-12-05 14:55:14'),
(455, 2, 'Muhammad Shahid', '2023-12-05', '13:04', '22:28', '9:24', '2023-12-05 08:04:30', '2023-12-06 14:30:16'),
(456, 14, 'Kulsoom Usama', '2023-12-05', '13:15', '20:02', '6:47', '2023-12-05 08:15:18', '2023-12-05 15:02:12'),
(457, 7, 'Azeem', '2023-12-05', '13:45', '23:14', '9:29', '2023-12-05 08:45:53', '2023-12-05 18:14:28'),
(458, 3, 'Rashid Bashir', '2023-12-05', '14:00', '', '', '2023-12-05 09:00:43', '2023-12-05 09:00:43'),
(459, 15, 'Muhmmad Umair', '2023-12-05', '14:01', '', '', '2023-12-05 09:01:06', '2023-12-05 09:01:06'),
(460, 11, 'Tayyab ghafoor', '2023-12-05', '14:01', '21:38', '7:37', '2023-12-05 09:01:55', '2023-12-05 16:38:18'),
(461, 14, 'Kulsoom Usama', '2023-12-07', '12:17', '20:05', '7:48', '2023-12-07 07:17:12', '2023-12-07 15:05:14'),
(462, 7, 'Azeem', '2023-12-07', '12:54', '21:14', '8:20', '2023-12-07 07:54:05', '2023-12-07 16:14:07'),
(463, 2, 'Muhammad Shahid', '2023-12-07', '13:05', '21:54', '8:49', '2023-12-07 08:05:58', '2023-12-08 08:05:16'),
(464, 11, 'Tayyab ghafoor', '2023-12-07', '14:01', '21:14', '7:13', '2023-12-07 09:01:57', '2023-12-07 16:14:15'),
(465, 14, 'Kulsoom Usama', '2023-12-08', '12:40', '20:07', '7:27', '2023-12-08 07:40:10', '2023-12-08 15:07:40'),
(466, 1, 'Rabia Naseem', '2023-12-08', '12:30', '19:58', '7:28', '2023-12-08 07:40:47', '2023-12-08 14:58:01'),
(467, 2, 'Muhammad Shahid', '2023-12-08', '13:04', '22:25', '9:21', '2023-12-08 08:04:38', '2023-12-11 08:48:49'),
(468, 11, 'Tayyab ghafoor', '2023-12-08', '13:46', '21:28', '7:42', '2023-12-08 08:46:55', '2023-12-08 16:28:22');
INSERT INTO `attendance` (`id`, `user_id`, `name`, `date`, `checkIn`, `checkOut`, `totalhours`, `created_at`, `updated_at`) VALUES
(469, 7, 'Azeem', '2023-12-08', '14:22', '22:21', '7:59', '2023-12-08 09:22:38', '2023-12-08 17:21:04'),
(470, 14, 'Kulsoom Usama', '2023-12-11', '12:24', '20:03', '7:39', '2023-12-11 07:24:07', '2023-12-11 15:03:32'),
(471, 1, 'Rabia Naseem', '2023-12-11', '13:04', '20:01', '6:57', '2023-12-11 08:04:41', '2023-12-11 15:01:40'),
(472, 2, 'Muhammad Shahid', '2023-12-11', '13:09', '21:16', '8:7', '2023-12-11 08:09:26', '2023-12-11 16:16:50'),
(473, 7, 'Azeem', '2023-12-11', '13:22', '22:22', '9:0', '2023-12-11 08:23:22', '2023-12-11 17:22:35'),
(474, 14, 'Kulsoom Usama', '2023-12-12', '12:33', '20:05', '7:32', '2023-12-12 07:33:56', '2023-12-12 15:05:32'),
(475, 1, 'Rabia Naseem', '2023-12-12', '12:54', '', '', '2023-12-12 07:54:37', '2023-12-12 07:54:37'),
(476, 7, 'Azeem', '2023-12-12', '13:07', '22:10', '9:3', '2023-12-12 08:07:48', '2023-12-12 17:10:58'),
(477, 14, 'Kulsoom Usama', '2023-12-13', '12:55', '', '', '2023-12-13 07:55:13', '2023-12-13 07:55:13'),
(478, 7, 'Azeem', '2023-12-13', '12:58', '22:01', '9:3', '2023-12-13 07:58:13', '2023-12-13 17:01:08'),
(479, 11, 'Tayyab ghafoor', '2023-12-13', '14:00', '21:10', '7:10', '2023-12-13 09:00:38', '2023-12-13 16:10:20'),
(480, 14, 'Kulsoom Usama', '2023-12-14', '12:21', '20:06', '7:45', '2023-12-14 07:21:39', '2023-12-14 15:06:33'),
(481, 7, 'Azeem', '2023-12-14', '13:21', '22:53', '9:32', '2023-12-14 08:21:06', '2023-12-14 17:53:55'),
(482, 1, 'Rabia Naseem', '2023-12-14', '13:43', '', '', '2023-12-14 08:43:38', '2023-12-14 08:43:38'),
(483, 11, 'Tayyab ghafoor', '2023-12-14', '13:50', '', '', '2023-12-14 08:50:12', '2023-12-14 08:50:12'),
(484, 2, 'Muhammad Shahid', '2023-12-15', '12:50', '23:29', '10:39', '2023-12-15 07:50:42', '2023-12-18 08:37:05'),
(485, 14, 'Kulsoom Usama', '2023-12-15', '13:06', '19:05', '5:59', '2023-12-15 08:06:21', '2023-12-15 14:05:35'),
(486, 7, 'Azeem', '2023-12-15', '13:10', '23:08', '9:58', '2023-12-15 08:10:31', '2023-12-15 18:08:19'),
(487, 1, 'Rabia Naseem', '2023-12-15', '13:18', '19:43', '6:25', '2023-12-15 08:18:34', '2023-12-15 14:43:08'),
(488, 11, 'Tayyab ghafoor', '2023-12-18', '13:11', '', '', '2023-12-18 08:11:05', '2023-12-18 08:11:05'),
(489, 1, 'Rabia Naseem', '2023-12-18', '13:27', '19:59', '6:32', '2023-12-18 08:27:41', '2023-12-18 14:59:18'),
(490, 14, 'Kulsoom Usama', '2023-12-18', '13:32', '20:03', '6:31', '2023-12-18 08:32:29', '2023-12-18 15:03:35'),
(491, 2, 'Muhammad Shahid', '2023-12-18', '13:36', '22:04', '8:28', '2023-12-18 08:36:14', '2023-12-19 08:05:53'),
(492, 7, 'Azeem', '2023-12-18', '13:46', '', '', '2023-12-18 08:46:15', '2023-12-18 08:46:15'),
(493, 2, 'Muhammad Shahid', '2023-12-19', '13:04', '21:41', '8:37', '2023-12-19 08:05:08', '2023-12-20 08:01:58'),
(494, 1, 'Rabia Naseem', '2023-12-19', '13:15', '20:03', '6:48', '2023-12-19 08:15:34', '2023-12-19 15:03:18'),
(495, 2, 'Muhammad Shahid', '2023-12-20', '13:00', '21:46', '8:46', '2023-12-20 08:00:35', '2023-12-21 08:23:54'),
(496, 7, 'Azeem', '2023-12-20', '14:03', '21:03', '7:0', '2023-12-20 09:03:37', '2023-12-20 16:03:26'),
(497, 11, 'Tayyab ghafoor', '2023-12-21', '13:10', '', '', '2023-12-21 08:10:26', '2023-12-21 08:10:26'),
(498, 7, 'Azeem', '2023-12-21', '13:21', '21:15', '7:54', '2023-12-21 08:21:30', '2023-12-21 16:15:32'),
(499, 2, 'Muhammad Shahid', '2023-12-21', '13:22', '22:08', '8:46', '2023-12-21 08:23:02', '2024-01-01 08:09:35'),
(500, 11, 'Tayyab ghafoor', '2023-12-22', '13:53', '', '', '2023-12-22 08:53:04', '2023-12-22 08:53:04'),
(501, 7, 'Azeem', '2023-12-22', '14:38', '22:14', '7:36', '2023-12-22 09:38:10', '2023-12-22 17:14:55'),
(502, 1, 'Rabia Naseem', '2023-12-26', '12:28', '', '', '2023-12-26 07:28:22', '2023-12-26 07:28:22'),
(503, 7, 'Azeem', '2023-12-26', '12:35', '20:30', '7:55', '2023-12-26 07:35:31', '2023-12-26 15:30:46'),
(504, 11, 'Tayyab ghafoor', '2023-12-26', '13:08', '', '', '2023-12-26 08:09:00', '2023-12-26 08:09:00'),
(505, 3, 'Rashid Bashir', '2023-12-26', '13:22', '', '', '2023-12-26 08:22:37', '2023-12-26 08:22:37'),
(506, 11, 'Tayyab ghafoor', '2023-12-27', '13:13', '', '', '2023-12-27 08:13:08', '2023-12-27 08:13:08'),
(507, 1, 'Rabia Naseem', '2023-12-27', '13:21', '19:44', '6:23', '2023-12-27 08:21:34', '2023-12-27 14:44:34'),
(508, 3, 'Rashid Bashir', '2023-12-27', '13:26', '', '', '2023-12-27 08:26:42', '2023-12-27 08:26:42'),
(509, 7, 'Azeem', '2023-12-28', '12:47', '21:21', '8:34', '2023-12-28 07:47:42', '2023-12-28 16:21:47'),
(510, 11, 'Tayyab ghafoor', '2023-12-28', '13:05', '', '', '2023-12-28 08:06:02', '2023-12-28 08:06:02'),
(511, 1, 'Rabia Naseem', '2023-12-28', '13:51', '19:34', '5:43', '2023-12-28 08:51:21', '2023-12-28 14:34:45'),
(512, 11, 'Tayyab ghafoor', '2023-12-29', '14:01', '', '', '2023-12-29 09:01:33', '2023-12-29 09:01:33'),
(513, 2, 'Muhammad Shahid', '2024-01-01', '13:08', '21:19', '8:11', '2024-01-01 08:08:44', '2024-01-02 08:09:58'),
(514, 11, 'Tayyab ghafoor', '2024-01-01', '13:23', '', '', '2024-01-01 08:24:03', '2024-01-01 08:24:03'),
(515, 2, 'Muhammad Shahid', '2024-01-02', '13:08', '21:24', '8:16', '2024-01-02 08:08:56', '2024-01-04 08:30:31'),
(516, 14, 'Kulsoom Usama', '2024-01-04', '12:19', '20:14', '7:55', '2024-01-04 07:19:50', '2024-01-04 15:14:44'),
(517, 2, 'Muhammad Shahid', '2024-01-04', '13:29', '21:50', '8:21', '2024-01-04 08:29:56', '2024-01-05 09:22:28'),
(518, 14, 'Kulsoom Usama', '2024-01-05', '12:35', '20:08', '7:33', '2024-01-05 07:35:40', '2024-01-05 15:08:41'),
(519, 2, 'Muhammad Shahid', '2024-01-05', '14:21', '21:50', '7:29', '2024-01-05 09:21:33', '2024-01-08 08:12:43'),
(520, 14, 'Kulsoom Usama', '2024-01-08', '12:30', '20:02', '7:32', '2024-01-08 07:30:33', '2024-01-08 15:02:45'),
(521, 2, 'Muhammad Shahid', '2024-01-08', '13:12', '21:54', '8:42', '2024-01-08 08:12:03', '2024-01-09 08:19:20'),
(522, 14, 'Kulsoom Usama', '2024-01-09', '12:34', '20:02', '7:28', '2024-01-09 07:34:34', '2024-01-09 15:02:58'),
(523, 2, 'Muhammad Shahid', '2024-01-09', '13:18', '22:35', '9:17', '2024-01-09 08:18:37', '2024-01-10 08:33:25'),
(524, 2, 'Muhammad Shahid', '2024-01-10', '13:25', '21:55', '8:30', '2024-01-10 08:26:00', '2024-01-11 08:16:12'),
(525, 2, 'Muhammad Shahid', '2024-01-11', '13:15', '21:00', '7:45', '2024-01-11 08:15:41', '2024-01-11 16:00:03'),
(526, 2, 'Muhammad Shahid', '2024-01-12', '14:20', '22:25', '8:5', '2024-01-12 09:20:54', '2024-01-15 08:10:16'),
(527, 2, 'Muhammad Shahid', '2024-01-15', '13:09', '21:47', '8:38', '2024-01-15 08:09:36', '2024-01-16 08:08:04'),
(528, 2, 'Muhammad Shahid', '2024-01-16', '13:07', '', '', '2024-01-16 08:07:12', '2024-01-16 08:07:12'),
(529, 7, 'Azeem', '2024-01-16', '13:08', '21:37', '8:29', '2024-01-16 08:08:07', '2024-01-16 16:37:38');

-- --------------------------------------------------------

--
-- Table structure for table `notifications`
--

CREATE TABLE `notifications` (
  `id` int(255) NOT NULL,
  `user_id` varchar(255) NOT NULL,
  `subject` varchar(255) NOT NULL,
  `message_content` text NOT NULL,
  `is_readed` tinyint(1) NOT NULL,
  `created_at` timestamp NOT NULL DEFAULT current_timestamp(),
  `updated_at` timestamp NOT NULL DEFAULT current_timestamp()
) ENGINE=InnoDB DEFAULT CHARSET=utf8mb4 COLLATE=utf8mb4_general_ci;

-- --------------------------------------------------------

--
-- Table structure for table `salary`
--

CREATE TABLE `salary` (
  `id` int(11) NOT NULL,
  `user_id` int(11) NOT NULL,
  `salary_amount` decimal(10,2) NOT NULL,
  `increment_amount` decimal(10,2) DEFAULT NULL,
  `increment_date` date DEFAULT NULL,
  `created_at` timestamp NOT NULL DEFAULT current_timestamp(),
  `updated_at` timestamp NOT NULL DEFAULT current_timestamp() ON UPDATE current_timestamp()
) ENGINE=InnoDB DEFAULT CHARSET=utf8mb4 COLLATE=utf8mb4_general_ci;

--
-- Dumping data for table `salary`
--

INSERT INTO `salary` (`id`, `user_id`, `salary_amount`, `increment_amount`, `increment_date`, `created_at`, `updated_at`) VALUES
(2, 2, '5000.00', '5000.00', '2023-06-05', '2023-08-25 08:29:28', '2023-08-25 12:55:44'),
(3, 5, '40000.00', '10000.00', '2023-03-05', '2023-08-25 08:31:15', '2023-10-06 10:39:46'),
(4, 6, '40000.00', '15000.00', '2023-09-05', '2023-08-25 08:35:01', '2023-09-14 13:20:34'),
(5, 7, '18000.00', '10000.00', '2022-09-05', '2023-08-25 10:19:19', '2023-09-14 13:21:10'),
(6, 3, '0.00', '0.00', '2023-08-01', '2023-08-25 10:21:31', '2023-08-25 10:21:31'),
(7, 1, '25000.00', '0.00', '2023-08-01', '2023-08-28 07:40:20', '2023-08-28 07:40:20'),
(9, 14, '25000.00', '0.00', '2023-09-26', '2023-09-27 08:35:40', '2023-09-27 08:35:40');

-- --------------------------------------------------------

--
-- Table structure for table `users`
--

CREATE TABLE `users` (
  `id` int(100) NOT NULL,
  `name` varchar(100) NOT NULL,
  `email` varchar(100) NOT NULL,
  `password` varchar(100) NOT NULL,
  `phone` varchar(100) NOT NULL,
  `designation` varchar(100) NOT NULL,
  `dateofbirth` date DEFAULT NULL,
  `role` varchar(1) NOT NULL DEFAULT '2',
  `type` varchar(100) CHARACTER SET utf8 COLLATE utf8_general_ci DEFAULT 'permanent',
  `joining_date` date DEFAULT NULL,
  `created_at` timestamp NOT NULL DEFAULT current_timestamp(),
  `updated_at` timestamp NOT NULL DEFAULT current_timestamp() ON UPDATE current_timestamp()
) ENGINE=InnoDB DEFAULT CHARSET=utf8mb4 COLLATE=utf8mb4_general_ci;

--
-- Dumping data for table `users`
--

INSERT INTO `users` (`id`, `name`, `email`, `password`, `phone`, `designation`, `dateofbirth`, `role`, `type`, `joining_date`, `created_at`, `updated_at`) VALUES
(1, 'Rabia Naseem', 'rabianasim517@gmail.com', '202cb962ac59075b964b07152d234b70', '03080077929', 'HR Manager', '1997-09-23', '2', 'Permanent', '2023-08-04', '2023-08-04 13:27:18', '2024-01-22 15:19:05'),
(2, 'Muhammad Shahid', 'devshahid21@gmail.com', '202cb962ac59075b964b07152d234b70', '+923007791663', 'Backend Developer', '2002-04-10', '2', 'Permanent', '2023-08-24', '2023-08-24 13:33:50', '2024-01-22 15:19:09'),
(3, 'Rashid Bashir', 'rashid.bashir17904@gmail.com', '202cb962ac59075b964b07152d234b70', '+923036537008', 'Front End Developer', '1992-02-20', '2', 'Probation', NULL, '2023-08-24 13:37:15', '2024-01-22 15:19:13'),
(5, 'Hasnain', 'hasnain786.tvs@gmail.com', '202cb962ac59075b964b07152d234b70', '03415580449', 'Front End Developer', '1998-06-07', '2', 'Permanent', '2023-08-24', '2023-08-24 14:13:21', '2024-01-22 15:19:17'),
(6, 'Sohail Ahmad', 'm.sohail.tvs@gmail.com', '202cb962ac59075b964b07152d234b70', '03246679865', 'Backend Developer', '2004-05-22', '2', 'Permanent', NULL, '2023-08-25 08:33:08', '2024-01-22 15:19:20'),
(7, 'Azeem', 'azeemraj491@gmail.com', '202cb962ac59075b964b07152d234b70', '03214982713', 'Developer', '2000-07-26', '2', 'Permanent', NULL, '2023-08-25 09:27:15', '2024-01-22 15:19:23'),
(8, 'Muhammad Asad', 'asadaxad123@gmail.com', '202cb962ac59075b964b07152d234b70', '03023573491', 'Full Stack Developer', '1993-11-13', '2', 'Permanent', NULL, '2023-08-25 10:06:03', '2024-01-22 15:19:28'),
(9, 'HR', 'hr@softheight.com', '202cb962ac59075b964b07152d234b70', '03080077929', 'HR Manager', '1997-09-23', '1', 'Permanent', NULL, '2023-08-25 13:40:37', '2024-01-22 15:19:32'),
(10, 'Aarish Mughal', 'aarishmughal22@gmail.com', '202cb962ac59075b964b07152d234b70', '03315003366', 'Backend Developer', '2004-02-29', '2', 'Internee', NULL, '2023-08-30 15:02:04', '2024-01-22 15:19:35'),
(11, 'Tayyab ghafoor', 'yesmrfake786@gmail.com', '202cb962ac59075b964b07152d234b70', '03027419451', 'Backend Developer', '2003-10-30', '2', 'Internee', NULL, '2023-08-30 15:06:57', '2024-01-22 15:19:38'),
(14, 'Kulsoom Usama', 'umme.k0306@gmail.com', '202cb962ac59075b964b07152d234b70', '03069127280', 'Graphic Designer', '2000-05-11', '2', 'probation', NULL, '2023-09-26 15:15:10', '2024-01-22 15:19:44'),
(15, 'Muhmmad Umair', 'm.umairad6@gmail.com', '202cb962ac59075b964b07152d234b70', '+923040078323', 'Traning', '1998-04-15', '2', 'internee', NULL, '2023-10-30 14:33:57', '2024-01-22 15:19:47'),
(16, 'Iqra Tariq', 'iqratariq711@gmail.com', '202cb962ac59075b964b07152d234b70', '03049353836', 'front-end develoer', '2002-02-03', '2', 'internee', NULL, '2023-11-14 09:07:59', '2024-01-22 15:19:49');

--
-- Indexes for dumped tables
--

--
-- Indexes for table `attendance`
--
ALTER TABLE `attendance`
  ADD PRIMARY KEY (`id`);

--
-- Indexes for table `notifications`
--
ALTER TABLE `notifications`
  ADD PRIMARY KEY (`id`);

--
-- Indexes for table `salary`
--
ALTER TABLE `salary`
  ADD PRIMARY KEY (`id`);

--
-- Indexes for table `users`
--
ALTER TABLE `users`
  ADD PRIMARY KEY (`id`);

--
-- AUTO_INCREMENT for dumped tables
--

--
-- AUTO_INCREMENT for table `attendance`
--
ALTER TABLE `attendance`
  MODIFY `id` int(100) NOT NULL AUTO_INCREMENT, AUTO_INCREMENT=530;

--
-- AUTO_INCREMENT for table `notifications`
--
ALTER TABLE `notifications`
  MODIFY `id` int(255) NOT NULL AUTO_INCREMENT;

--
-- AUTO_INCREMENT for table `salary`
--
ALTER TABLE `salary`
  MODIFY `id` int(11) NOT NULL AUTO_INCREMENT, AUTO_INCREMENT=10;

--
-- AUTO_INCREMENT for table `users`
--
ALTER TABLE `users`
  MODIFY `id` int(100) NOT NULL AUTO_INCREMENT, AUTO_INCREMENT=17;
COMMIT;

/*!40101 SET CHARACTER_SET_CLIENT=@OLD_CHARACTER_SET_CLIENT */;
/*!40101 SET CHARACTER_SET_RESULTS=@OLD_CHARACTER_SET_RESULTS */;
/*!40101 SET COLLATION_CONNECTION=@OLD_COLLATION_CONNECTION */;
